Workbook

Sheet Business case
A1: Business case — exception management (option O3)
A2: Illustrative assumptions for a fictional organisation — not real company data. Yellow cells are inputs; everything else is calculated.
A4: Inputs
A5: WISMO contacts per week | B5: 1250 | C5: contact-reason tagging, 2 weeks
A6: Handling time per contact (min) | B6: 6 | C6: telephony report
A7: Loaded cost customer service (EUR/h) | B7: 42 | C7: finance
A8: Expected WISMO reduction | B8: 0.35 | C8: riskiest assumption — measured in the pilot
A9: Missed delivery slots per week | B9: 55 | C9: planner log + credit notes
A10: Cost per missed slot (EUR) | B10: 140 | C10: credit notes, 3 months
A11: Expected missed-slot reduction | B11: 0.3 | C11: planning lead estimate
A12: Weeks per year | B12: 50
A13: Sprint cost (EUR, team of 8 for 2 weeks) | B13: 38000
A14: Sprints (R1 + R2) | B14: 4 | C14: R1 = 2 sprints, R2 = 2 sprints
A15: TMS supplier set-up (EUR) | B15: 25000 | C15: quote
A16: Notification set-up (EUR) | B16: 8000 | C16: estimate
A17: BAT, training, pilot support (EUR) | B17: 10000 | C17: 2 x 5k
A18: Yearly running cost (EUR) | B18: 34000 | C18: API licence 18k + 0.2 FTE support 16k
A20: Results
A21: CS hours per week on WISMO | B21: =B5*B6/60
A22: Benefit: customer-service time (EUR/yr) | B22: =B5*B6/60*B8*B7*B12
A23: Benefit: fewer missed slots (EUR/yr) | B23: =B9*B11*B10*B12
A24: Total benefits (EUR/yr) | B24: =B22+B23
A25: One-off cost (EUR) | B25: =B13*B14+B15+B16+B17
A26: Net benefit (EUR/yr) | B26: =B24-B18
A27: Payback (months) | B27: =B25/B26*12
A28: Release 1 pilot cost (EUR) | B28: =2*B13+B15+B16+B17/2

Sheet Sensitivity
A1: Sensitivity — the riskiest assumption
A2: Illustrative assumptions for a fictional organisation — not real company data.
A4: Scenario | B4: WISMO reduction | C4: Missed-slot reduction | D4: Benefits / year (EUR) | E4: Net / year (EUR) | F4: Payback (months)
A5: Pessimistic | B5: 0.2 | C5: 0.15 | D5: ='Business case'!B5*'Business case'!B6/60*B5*'Business case'!B7*'Business case'!B12+'Business case'!B9*C5*'Business case'!B10*'Business case'!B12 | E5: =D5-'Business case'!B18 | F5: ='Business case'!B25/E5*12
A6: Expected | B6: 0.35 | C6: 0.3 | D6: ='Business case'!B5*'Business case'!B6/60*B6*'Business case'!B7*'Business case'!B12+'Business case'!B9*C6*'Business case'!B10*'Business case'!B12 | E6: =D6-'Business case'!B18 | F6: ='Business case'!B25/E6*12
A7: Optimistic | B7: 0.5 | C7: 0.4 | D7: ='Business case'!B5*'Business case'!B6/60*B7*'Business case'!B7*'Business case'!B12+'Business case'!B9*C7*'Business case'!B10*'Business case'!B12 | E7: =D7-'Business case'!B18 | F7: ='Business case'!B25/E7*12
A8: Pilot readout (illustrative) | B8: 0.26 | C8: 0.21 | D8: ='Business case'!B5*'Business case'!B6/60*B8*'Business case'!B7*'Business case'!B12+'Business case'!B9*C8*'Business case'!B10*'Business case'!B12 | E8: =D8-'Business case'!B18 | F8: ='Business case'!B25/E8*12
A10: Stage gate (D-07): fund release 2 if WISMO reduction against the control group is at least 20%.

Sheet Options
A1: Option scoring (1 = poor, 5 = good) — weights agreed before scoring
A3: Criterion | B3: Weight | C3: O1 Do nothing + agent | D3: O2 Standard TMS e-mails | E3: O3 Exception management | F3: O4 Visibility platform
A4: Fixes the root cause | B4: 0.3 | C4: 1 | D4: 2 | E4: 5 | F4: 3
A5: Customer experience | B5: 0.25 | C5: 2 | D5: 2 | E5: 4 | F5: 5
A6: Cost over 3 years | B6: 0.2 | C6: 3 | D6: 5 | E6: 3 | F6: 1
A7: Delivery risk / dependency | B7: 0.15 | C7: 5 | D7: 4 | E7: 3 | F7: 2
A8: Fit with the new TMS | B8: 0.1 | C8: 3 | D8: 4 | E8: 4 | F8: 2
A9: Weighted score | C9: =SUMPRODUCT($B$4:$B$8,C4:C8) | D9: =SUMPRODUCT($B$4:$B$8,D4:D8) | E9: =SUMPRODUCT($B$4:$B$8,E4:E8) | F9: =SUMPRODUCT($B$4:$B$8,F4:F8)

Sheet Backlog WSJF
A1: Backlog — WSJF = (business value + time criticality + risk reduction/enablement) / size
A3: ID | B3: Item | C3: Business value | D3: Time criticality | E3: Risk reduction / enablement | F3: Size (pts) | G3: Cost of delay | H3: WSJF | I3: Release
A4: EN-2 | B4: Delivery window mandatory for pilot customers | C4: 2 | D4: 5 | E4: 8 | F4: 1 | G4: =C4+D4+E4 | H4: =ROUND(G4/F4,1) | I4: R1
A5: US-07 | B5: No message storm (throttling) | C5: 5 | D5: 5 | E5: 8 | F5: 2 | G5: =C5+D5+E5 | H5: =ROUND(G5/F5,1) | I5: R1
A6: US-13 | B6: Pilot toggle and measurement | C6: 3 | D6: 8 | E6: 13 | F6: 3 | G6: =C6+D6+E6 | H6: =ROUND(G6/F6,1) | I6: R1
A7: EN-1 | B7: Receive TMS changes reliably | C7: 1 | D7: 8 | E7: 13 | F7: 3 | G7: =C7+D7+E7 | H7: =ROUND(G7/F7,1) | I7: R1
A8: US-02 | B8: Owner and response time | C8: 5 | D8: 3 | E8: 5 | F8: 2 | G8: =C8+D8+E8 | H8: =ROUND(G8/F8,1) | I8: R1
A9: US-05 | B9: Proactive customer message | C9: 13 | D9: 8 | E9: 8 | F9: 5 | G9: =C9+D9+E9 | H9: =ROUND(G9/F9,1) | I9: R1
A10: US-04 | B10: Acknowledge, re-plan, resolve | C10: 5 | D10: 3 | E10: 8 | F10: 3 | G10: =C10+D10+E10 | H10: =ROUND(G10/F10,1) | I10: R1
A11: US-08 | B11: Missing status: confirm first | C11: 5 | D11: 3 | E11: 8 | F11: 3 | G11: =C11+D11+E11 | H11: =ROUND(G11/F11,1) | I11: R1
A12: US-01 | B12: Classify a change | C12: 8 | D12: 5 | E12: 13 | F12: 5 | G12: =C12+D12+E12 | H12: =ROUND(G12/F12,1) | I12: R1
A13: US-11 | B13: Call task for key accounts | C13: 5 | D13: 3 | E13: 2 | F13: 2 | G13: =C13+D13+E13 | H13: =ROUND(G13/F13,1) | I13: R1
A14: US-10 | B14: Back on schedule | C14: 3 | D14: 2 | E14: 3 | F14: 2 | G14: =C14+D14+E14 | H14: =ROUND(G14/F14,1) | I14: R1
A15: US-03 | B15: Workbench (list + escalation) | C15: 8 | D15: 5 | E15: 5 | F15: 5 | G15: =C15+D15+E15 | H15: =ROUND(G15/F15,1) | I15: R1
... A19: US-14 | B19: Consignee notifications | C19: 8 | D19: 1 | E19: 2 | F19: 13 | G19: =C19+D19+E19 | H19: =ROUND(G19/F19,1) | I19: R3
A21: Release 1 points | F21: =SUMIF(I4:I19,"R1",F4:F19)

Sheet BAT log
A1: Business Acceptance Testing — execution log (simulated)
A3: ID | B3: Scenario | C3: Key user | D3: Stories | E3: Run 1 | F3: Finding | G3: Retest | H3: Final
A4: BAT-01 | B4: Sailing with 20 orders delayed 6 h | C4: planner | D4: US-01, US-03 | E4: pass | H4: pass
A5: BAT-02 | B5: 8 situations from last month | C5: planner, CS | D5: US-01, US-02 | E5: pass | F5: 1 rule question (consignee hours) → R2 | H5: pass
A6: BAT-03 | B6: Untouched critical escalates | C6: shift lead | D6: US-03 | E6: pass | F6: DEF-05 (minor, known issue) | H6: pass with known issue
A7: BAT-04 | B7: Acknowledge, new window, resolve | C7: planner | D7: US-04 | E7: fail | F7: DEF-03 (minor) | G7: pass | H7: pass
A8: BAT-05 | B8: No status for 7 h | C8: planner | D8: US-08 | E8: pass | H8: pass
A9: BAT-06 | B9: Critical for key account | C9: AM, CS | D9: US-11 | E9: pass | F9: DEF-06 (minor, known issue) | H9: pass with known issue
A10: BAT-07 | B10: Customer reads the message | C10: pilot customer | D10: US-05 | E10: fail | F10: DEF-01 (major) | G10: pass | H10: pass
A11: BAT-08 | B11: Three sailing updates in 10 min | C11: planner, pilot customer | D11: US-07 | E11: fail | F11: DEF-04 (major) | G11: pass | H11: pass
A12: BAT-09 | B12: Order without a window | C12: planner | D12: US-01 | E12: fail | F12: DEF-02 (major) | G12: pass | H12: pass
A13: BAT-10 | B13: Notified delay recovers | C13: pilot customer | D13: US-10 | E13: pass | H13: pass
A14: BAT-11 | B14: Pilot export, shadow mode | C14: PO | D14: US-13 | E14: pass | H14: pass
A15: BAT-12 | B15: Bounced address | C15: CS | D15: US-05 | E15: pass | H15: pass
A17: Passed in run 1 | B17: =COUNTIF(E4:E15,"pass")
A18: Accepted (final) | B18: =COUNTIF(H4:H15,"pass*")

Sheet Traceability
A1: Traceability — pain point to KPI
A3: Pain | B3: Business req. | C3: Functional / NFR | D3: Rules | E3: Stories | F3: Tests | G3: KPI
A4: P1 ETAs not updated, nobody evaluates | B4: BR-1 | C4: FR-01, FR-03, NFR-01 | D4: ER-01 | E4: US-01 | F4: AC-01.1–01.2, BAT-01 | G4: K2
A5: P2 noticed by chance | B5: BR-4 | C5: FR-02, FR-04, FR-07 | D5: ER-02–ER-05, ER-08, ER-09 | E5: US-02, US-03 | F5: AC-01.3–01.12, AC-02.1, BAT-02, BAT-03 | G5: K6
A6: P3 Excel lookup | B6: BR-4 | C6: FR-04 | D6: ER-08 | E6: US-03 | F6: BAT-03 | G6: guardrail workload
A7: P4 only key accounts whose AM knows | B7: BR-1 | C7: FR-06, FR-13 | D7: ER-10, ER-11 | E7: US-05, US-11 | F7: AC-11.1–11.3, BAT-06 | G7: K1
A8: P5 customer finds out at the slot | B8: BR-1, BR-2 | C8: FR-06, FR-10, FR-11 | D8: ER-10, ER-12, ER-13 | E8: US-05, US-07, US-10 | F8: AC-07.1–07.5, AC-10.1–10.2, BAT-07, BAT-08, BAT-10 | G8: K1, K3, K8
A9: (new) false alarms on missing status | B9: BR-4 | C9: FR-08 | D9: ER-07 | E9: US-08 | F9: AC-08.1–08.4, BAT-05 | G9: K7
A10: P6 nothing recorded | B10: BR-5 | C10: FR-05, FR-12 | D10: — | E10: US-04, US-13 | F10: BAT-04, BAT-11 | G10: reason completeness
A11: missed slots | B11: BR-3 | C11: FR-05 | D11: ER-03 | E11: US-04 | F11: AC-01.9, BAT-04 | G11: K4, K5
